origem,destino,peso
EGSUZ,EGPSD,11395.75
EGPSD,EGSUZ,134238.75
ANWIL,BZBZE,95904.86
ANWIL,COBAQ,35631.15
ANWIL,COCTG,34277.79
ANWIL,GHTKD,254334.11
ANWIL,MQFDF,49336.12
ANWIL,NGAPP,304495.1
ANWIL,TTPTS,33185.33
ANWIL,VELAG,39410.58
ANWIL,VEPBL,16900.61
ANWIL,ZACPT,360332.72
AOLAD,AOLOB,43303.04
AOLAD,BRMAO,322235.81
AOLAD,BRPNG,250975.33
AOLAD,BRVIX,221971.6
AOLAD,CDBOA,55531.14
AOLAD,CDMAT,49986.49
AOLAD,CGPNR,20215.19
AOLAD,CIABJ,88725.43
AOLAD,CVGRA,168802.08
AOLAD,GAPOG,67785.99
AOLAD,MAAGA,221332.96
AOLAD,UYMVD,254039.89
AOLAD,ZACPT,108830.99
AOLOB,AOLAD,43525.04
AOLOB,CGPNR,32793.32
AOSZA,CGPNR,9946.1
AOSZA,CLPUQ,302907.99
AOSZA,ZACPT,116487.24
ARBHI,ARBUE,61231.83
ARBHI,BRSSZ,95825.94
ARBHI,CLPUQ,61006.94
ARBHI,UYMVD,37841.97
ARBUE,ARBHI,64463.83
ARBUE,ARMDQ,16770.83
ARBUE,ARPMY,74534.39
ARBUE,ARPUD,81938.15
ARBUE,BJCOO,260193.21
ARBUE,BRPNG,76400.68
ARBUE,BRVIX,108160.83
ARBUE,CAMTR,419427.9
ARBUE,CDMAT,290307.67
ARBUE,CIABJ,236138.62
ARBUE,CUHAV,358048.01
ARBUE,ESSCT,409396.4
ARBUE,ESVGO,346270.14
ARBUE,GAPOG,283376.26
ARBUE,SLFNA,267027.56
ARBUE,SNDKR,242285.67
ARBUE,USILM,384267.38
ARBUE,UYMVD,17121.49
ARBUE,ZACPT,237589.67
ARMDQ,ARBUE,43731.83
ARMDQ,CLPUQ,67569.44
ARPMY,ARBUE,72412.39
ARPMY,CLPUQ,46180.56
ARPUD,ARBUE,85598.15
ARPUD,BRPNG,117173.25
ARPUD,BRSSZ,120070.74
ARPUD,BRVIX,149297.99
ARPUD,CDMAT,320203.5
ARPUD,CGPNR,289459.99
ARPUD,CIABJ,283291.4
ARPUD,CLPUQ,26736.11
ARPUD,CMDLA,331830.32
ARPUD,GALBV,335951.31
ARPUD,GAPOG,320867.58
ARPUD,GHTKD,279368.83
ARPUD,GUGUM,535432.75
ARPUD,INMAA,529931.24
ARPUD,LRMLW,302058.21
ARPUD,PKKHI,525841.68
ARPUD,UYMVD,64031.21
ARPUD,ZACPT,238136.54
ARUSH,BRVIX,173238.96
ARUSH,CLARI,157431.07
ARUSH,CLSAI,109874.51
ARUSH,GHTKD,304160.5
ARUSH,GNCKY,308748.4
ARUSH,LRMLW,307830.78
ARUSH,SLFNA,320742.83
ARUSH,TGLFW,308575.88
AUADL,AUFRE,121939.9
AUADL,AUMEL,50211.11
AUADL,MUPLU,277753.29
AUADL,NZLYT,126096.26
AUADL,TZDAR,361499.32
AUADL,ZADUR,332376.67
AUADL,ZAPLZ,345919.18
AUBNE,AUSYD,51969.1
AUBNE,CLSAI,403364.1
AUBNE,CNFOC,243331.39
AUBNE,CNSHA,268518.18
AUBNE,JPYOK,258338.26
AUBNE,MXLZC,415991.61
AUBNE,NCNOU,-29949.54
AUBNE,NZAKL,86884.61
AUBNE,NZNSN,93828.17
AUBNE,NZWLG,95413.93
AUBNE,PABLB,474289.01
AUBNE,PFPPT,214250.42
AUBNE,PHGES,180821.68
AUBNE,USDUT,351327.32
AUBNE,USHNL,262837.93
AUBNE,USLAX,402948.64
AUBNE,USSEA,420795.12
AUFRE,AUADL,118054.9
AUFRE,BRVIX,492188.61
AUFRE,EGSUZ,505384.58
AUFRE,INMAA,211163.88
AUFRE,INNSA,254520.33
AUFRE,KEMBA,291526.39
AUFRE,KWSWK,341687.15
AUFRE,LKCMB,199888.86
AUFRE,MUPLU,209636.97
AUFRE,PKKHI,286614.25
AUFRE,SAJBI,325053.89
AUFRE,TZDAR,291985.43
AUFRE,YEADE,307807.1
AUFRE,ZADUR,276656.18
AUFRE,ZAELS,282255.78
AUHBA,NZPOE,73516.49
AUHBA,PABLB,470825.47
AUMEL,AUADL,67560.11
AUMEL,GUGUM,230154.97
AUMEL,NCNOU,17932.4
AUMEL,NZAKL,105660.65
AUMEL,NZLYT,102337.58
AUMEL,NZNPL,96647.08
AUMEL,NZPOE,90408.85
AUMEL,PABLB,488933.11
AUMEL,PFPPT,242019.51
AUMEL,USDUT,409174.54
AUMEL,USHNL,312968.14
AUMEL,USSEA,473112.83
AUSYD,AUBNE,51962.1
AUSYD,CNSHA,292762.97
AUSYD,CNTAO,306265.9
AUSYD,FJSUV,112246.64
AUSYD,GUGUM,205120.25
AUSYD,JPUKB,283079.89
AUSYD,JPYOK,282947.64
AUSYD,MXLZC,410887.44
AUSYD,NCNOU,-14029.4
AUSYD,NZAKL,83238.78
AUSYD,NZNPL,79268.61
AUSYD,NZNSN,80824.69
AUSYD,NZWLG,82106.64
AUSYD,PABLB,473499.08
AUSYD,PHGES,206099.46
AUSYD,USDUT,375146.76
AUSYD,USHNL,281249.39
AUSYD,USLAX,417349.68
AUSYD,USSEA,441394.08
BDCGP,BRVIX,538004.58
BDCGP,EGSUZ,409924.51
BDCGP,INCCU,31962.35
BDCGP,INCOK,107916.42
BDCGP,INMAA,59132.62
BDCGP,INNSA,143687.0
BDCGP,LKCMB,89298.58
BDCGP,MYPEN,77876.46
BDCGP,MYPKG,83610.46
BEANR,BEZEE,22515.89
BEANR,DEBRV,37601.38
BEANR,DEHAM,55062.86
BEANR,FRDKK,22878.92
BEANR,FRLEH,35469.39
BEANR,GBABD,70979.21
BEANR,GBFXT,28503.71
BEANR,GBPLY,22239.58
BEANR,GBSOU,61391.61
BEANR,NLRTM,31999.43
BEANR,NOBGO,64234.86
BEANR,NOKRS,57676.78
BEANR,NOSVG,41948.04
BEZEE,BEANR,26915.89
BEZEE,DEBRV,34806.24
BEZEE,DEHAM,52389.25
BEZEE,FRLEH,31945.08
BEZEE,FRURO,43459.21
BEZEE,GBPLY,18411.46
BEZEE,GBSOU,57563.49
BEZEE,NLRTM,29082.76
BEZEE,NOAES,84144.1
BEZEE,NOBGO,61561.25
BEZEE,NOSVG,39274.43
BGVAR,DZSKI,86628.5
BGVAR,GEPTI,52068.93
BGVAR,GRPIR,43351.29
BGVAR,ILHFA,63621.96
BGVAR,SYLTK,140966.69
BGVAR,TNTUN,72314.11
BGVAR,TRMER,73571.89
BGVAR,UAODS,106478.79
BJCOO,ARBUE,278341.21
BJCOO,BRPNG,230133.32
BJCOO,BRSSZ,216077.68
BJCOO,BRVIX,200218.12
BJCOO,CDMAT,94769.47
BJCOO,CGPNR,56005.12
BJCOO,CMDLA,56995.25
BJCOO,GALBV,76914.85
BJCOO,GAPOG,66023.83
BJCOO,GHTKD,24464.32
BJCOO,NGAPP,44364.89
BJCOO,TGLFW,19218.24
BRBEL,BRIGI,150306.69
BRBEL,BRMAO,96801.78
BRBEL,CAMTR,250808.11
BRBEL,ESSCT,286653.35
BRBEL,ESVGO,217450.69
BRBEL,SNDKR,135341.22
BRIGI,BRBEL,132100.69
BRIGI,BRRIG,69350.92
BRIGI,BRTRM,34331.6
BRIGI,CAMTR,351797.69
BRIGI,ESSCT,342495.36
BRIGI,ESVGO,279429.86
BRIGI,GNCKY,187706.74
BRIGI,SLFNA,200248.04
BRIGI,SNDKR,175384.62
BRIGI,USILM,317366.33
BRITJ,BRRIG,53126.96
BRITJ,CLPUQ,120555.56
BRITJ,LRMLW,225678.0
BRMAO,AOLAD,310460.81
BRMAO,BRBEL,55902.78
BRMAO,CDMAT,315099.33
BRMAO,CGPNR,278704.78
BRMAO,CIABJ,223682.03
BRMAO,CLSAI,365690.49
BRMAO,CMDLA,294460.53
BRMAO,COBAQ,173929.76
BRMAO,ESLPA,217089.76
BRMAO,FRBES,307926.81
BRMAO,FRURO,318294.28
BRMAO,GALBV,308607.56
BRMAO,GAPOG,294678.35
BRMAO,GHTKD,233249.04
BRMAO,GNCKY,209277.92
BRMAO,LRMLW,229445.36
BRMAO,MAAGA,232391.99
BRMAO,NOAES,361956.6
BRMAO,SLFNA,225829.64
BRMAO,VELAG,161789.06
BRMAO,VEPBL,145173.18
BRPNG,AOLAD,258082.33
BRPNG,ARBUE,81344.68
BRPNG,ARPUD,118457.25
BRPNG,BJCOO,216929.32
BRPNG,BRSSZ,27770.39
BRPNG,BRVIX,63438.61
BRPNG,CDMAT,258831.97
BRPNG,CLPUQ,121588.54
BRPNG,CMDLA,254113.31
BRPNG,ESLPA,241699.14
BRPNG,GALBV,262001.65
BRPNG,GNCKY,205510.56
BRPNG,GUGUM,617099.42
BRPNG,LRMLW,209210.99
BRPNG,SLFNA,216593.53
BRPNG,SNDKR,188570.39
BRPNG,UYMVD,57954.82
BRRIG,BRIGI,63778.92
BRRIG,BRITJ,47342.96
BRRIG,BRSSZ,53898.86
BRRIG,CGPNR,243340.19
BRRIG,UYMVD,28545.1
BRSSZ,ARBHI,108699.94
BRSSZ,ARPUD,126052.74
BRSSZ,BJCOO,207571.68
BRSSZ,BRPNG,32468.39
BRSSZ,BRRIG,60357.86
BRSSZ,BRTRM,25581.6
BRSSZ,BRVIX,53412.57
BRSSZ,CAMTR,364072.0
BRSSZ,CGPNR,213322.83
BRSSZ,CIABJ,187162.93
BRSSZ,CMDLA,251196.64
BRSSZ,ESLPA,231673.1
BRSSZ,GALBV,254163.11
BRSSZ,GAPOG,239990.85
BRSSZ,GUGUM,625424.07
BRSSZ,LRMLW,203499.18
BRSSZ,SLFNA,211124.78
BRSSZ,SNDKR,186261.36
BRSSZ,VEPBL,227265.19
BRSSZ,ZACPT,218692.1
BRTRM,BRIGI,52537.6
BRTRM,BRSSZ,42900.6
BRTRM,CLPUQ,101840.28
BRTRM,GHTKD,220488.62
BRTRM,UYMVD,36869.75
BRVIX,AOLAD,225330.6
BRVIX,ARBUE,109356.83
BRVIX,ARPUD,146833.99
BRVIX,ARUSH,176065.96
BRVIX,AUFRE,506757.61
BRVIX,BDCGP,522281.58
BRVIX,BJCOO,183266.12
BRVIX,BRPNG,59690.61
BRVIX,BRSSZ,44966.57
BRVIX,CDMAT,224318.08
BRVIX,CGPNR,196734.29
BRVIX,CIABJ,167293.14
BRVIX,CMDLA,227377.19
BRVIX,FJSUV,478835.18
BRVIX,GALBV,234718.67
BRVIX,GAPOG,221032.51
BRVIX,GHTKD,168596.26
BRVIX,GNCKY,170814.38
BRVIX,GUGUM,642559.49
BRVIX,IDJKT,496292.89
BRVIX,INMAA,472327.07
BRVIX,LKCMB,450722.19
BRVIX,LRMLW,181320.36
BRVIX,NZLYT,451426.12
BRVIX,PFPPT,419328.54
BRVIX,TGLFW,186197.4
BRVIX,TZDAR,344667.72
BRVIX,ZACPT,202468.14
BRVIX,ZADUR,252775.97
BRVIX,ZAPLZ,229677.86
BSFPO,COBAQ,79441.92
BSFPO,CUHAV,30834.47
BSFPO,DZAAE,268704.12
BSFPO,DZALG,263549.53
BSFPO,DZBJA,258166.62
BSFPO,DZSKI,266246.56
BSFPO,ESBCN,277697.39
BSFPO,ESLPA,211803.31
BSFPO,ESVGO,227659.03
BSFPO,FRBES,267883.4
BSFPO,FRLEH,253064.88
BSFPO,GBSOU,277771.82
BSFPO,GNCKY,258800.49
BSFPO,IEDUB,255638.06
BSFPO,ILHFA,346781.68
BSFPO,MACAS,222583.21
BSFPO,PTLIS,224013.47
BSFPO,SNDKR,218162.4
BSFPO,SYLTK,425220.17
BSFPO,TRMER,358068.42
BSFPO,VELAG,106493.92
BSFPO,VEPBL,87143.67
BSNAS,USILM,65621.54
BZBZE,ANWIL,96958.86
BZBZE,CAMTR,208577.21
BZBZE,HTCAP,57725.69
BZBZE,USMOB,56023.25
BZBZE,USMSY,70937.31
BZBZE,VELAG,110990.44
BZBZE,VEPBL,88176.65
CAMTR,ARBUE,419191.9
CAMTR,BRBEL,223611.11
CAMTR,BRIGI,342806.69
CAMTR,BRSSZ,354194.0
CAMTR,BZBZE,205705.21
CAMTR,CANWP,57300.35
CAMTR,CLPUQ,457369.79
CAMTR,CUHAV,163725.1
CAMTR,ESSCT,311688.07
CAMTR,ESVGO,185549.65
CAMTR,PTLIS,193996.11
CAMTR,PTPDL,138723.96
CAMTR,SLFNA,285682.07
CAMTR,UYMVD,395012.11
CAMTR,ZACPT,444065.36
CANWP,CAMTR,84497.35
CAVAN,CLPUQ,424010.42
CAVAN,JPUKB,292619.82
CAVAN,JPYOK,278815.69
CAVAN,NZAKL,381650.24
CAVAN,PABLB,252197.0
CAVAN,SGSIN,436994.81
CAVAN,USDUT,129842.94
CAVAN,USHNL,159903.9
CAVAN,USNTD,66961.81
CAVAN,USSEA,35248.25
CDBOA,AOLAD,40669.14
CDBOA,CGPNR,12558.94
CDBOA,CIABJ,79124.74
CDBOA,CLPUQ,303697.92
CDBOA,CMDLA,72550.81
CDBOA,GAPOG,60312.03
CDBOA,GHTKD,73500.78
CDBOA,LRMLW,133316.89
CDBOA,NGAPP,97168.71
CDBOA,ZACPT,118492.44
CDMAT,AOLAD,45469.49
CDMAT,ARBUE,283627.67
CDMAT,ARPUD,309863.5
CDMAT,BJCOO,69941.47
CDMAT,BRMAO,322357.33
CDMAT,BRPNG,247207.97
CDMAT,BRVIX,216442.08
CDMAT,CGPNR,14017.28
CDMAT,CIABJ,81798.35
CDMAT,CLIQQ,442235.42
CDMAT,CLSAI,408954.38
CDMAT,ESLPA,201534.21
CDMAT,GALBV,78373.18
CDMAT,GAPOG,62256.47
CDMAT,GHTKD,75992.1
CDMAT,GNCKY,144442.85
CDMAT,LRMLW,136051.26
CDMAT,NGAPP,101361.42
CDMAT,SLFNA,153520.61
CDMAT,TGLFW,79678.31
CDMAT,ZACPT,122563.62
CGPNR,AOLAD,45287.19
CGPNR,AOLOB,57643.32
CGPNR,AOSZA,51274.1
CGPNR,ARPUD,308708.99
CGPNR,BJCOO,60766.12
CGPNR,BRMAO,315551.78
CGPNR,BRRIG,263066.19
CGPNR,BRSSZ,226589.83
CGPNR,BRVIX,218447.29
CGPNR,CDBOA,52492.94
CGPNR,CDMAT,43606.28
CGPNR,CIABJ,73109.11
CGPNR,CMDLA,64712.26
CGPNR,GALBV,69562.42
CGPNR,GAPOG,53567.24
CGPNR,GHTKD,69672.65
CGPNR,GNCKY,137029.65
CGPNR,LRMLW,130217.93
CGPNR,NGAPP,91396.14
CGPNR,TGLFW,70199.14
CIABJ,AOLAD,110851.43
CIABJ,ARBUE,256101.62
CIABJ,ARPUD,299594.4
CIABJ,BRMAO,257583.03
CIABJ,BRSSZ,197483.93
CIABJ,BRVIX,186060.14
CIABJ,CDBOA,116112.74
CIABJ,CDMAT,108441.35
CIABJ,CGPNR,70163.11
CIABJ,CISPY,13814.93
CIABJ,CLPUQ,298350.69
CIABJ,GAPOG,83402.31
CIABJ,GHTKD,18387.93
CIABJ,TGLFW,36110.6
CIABJ,ZACPT,174334.46
CISPY,CIABJ,16537.93
CISPY,LRMLW,56511.33
CISPY,SLFNA,73798.39
CISPY,SNDKR,67893.31
CISPY,TTPTS,206119.36
CISPY,ZACPT,176704.25
CKAVA,FJSUV,82958.44
CKAVA,NCNOU,35675.46
CKAVA,PABLB,316606.72
CKAVA,PECLL,292777.49
CLANF,CLARI,37969.26
CLANF,CLIQQ,31836.11
CLANF,CLSAI,57678.33
CLARI,ARUSH,167802.07
CLARI,CLANF,19748.26
CLARI,CLIQQ,24909.03
CLARI,CLPUQ,139817.71
CLARI,ECESM,93752.61
CLARI,FJSUV,383861.22
CLARI,MXACA,168194.44
CLARI,NICIO,142922.04
CLARI,PABLB,123924.43
CLARI,PFPPT,290873.68
CLARI,USLAX,278078.85
CLIQQ,CDMAT,457651.42
CLIQQ,CLANF,13611.11
CLIQQ,CLARI,24905.03
CLIQQ,CLPUQ,133741.32
CLIQQ,ECESM,97763.03
CLIQQ,GUGUM,551109.83
CLIQQ,JPYOK,568294.86
CLIQQ,MXACA,172204.86
CLIQQ,NICIO,146932.46
CLIQQ,PABLB,127934.85
CLIQQ,PECLL,45225.4
CLPUQ,AOSZA,348287.99
CLPUQ,ARBHI,91199.94
CLPUQ,ARMDQ,67569.44
CLPUQ,ARPMY,75263.56
CLPUQ,ARPUD,50037.11
CLPUQ,BRITJ,138549.56
CLPUQ,BRPNG,143605.54
CLPUQ,BRTRM,101840.28
CLPUQ,CAMTR,484566.79
CLPUQ,CAVAN,436572.42
CLPUQ,CDBOA,347683.92
CLPUQ,CIABJ,305348.69
CLPUQ,CLARI,158038.71
CLPUQ,CLIQQ,151966.32
CLPUQ,CLSAI,106897.08
CLPUQ,CNXMN,595573.99
CLPUQ,ESSCT,474474.53
CLPUQ,FJSUV,337437.61
CLPUQ,GUGUM,517325.11
CLPUQ,JPSMZ,587929.47
CLPUQ,MXLZC,295253.76
CLPUQ,NCNOU,270102.54
CLPUQ,NZNPL,295952.64
CLPUQ,NZTRG,289995.82
CLPUQ,NZWLG,288703.86
CLPUQ,PFPPT,274953.54
CLPUQ,PTLIS,398527.36
CLPUQ,SLFNA,328945.96
CLPUQ,SNDKR,306938.44
CLPUQ,SVAQJ,268180.6
CLPUQ,USDUT,515025.24
CLPUQ,USHNL,399738.97
CLPUQ,USILM,449649.32
CLPUQ,USLAX,378460.79
CLPUQ,USSEA,450751.72
CLPUQ,UYMVD,88519.06
CLSAI,ARUSH,117246.51
CLSAI,AUBNE,401962.1
CLSAI,BRMAO,385369.49
CLSAI,CDMAT,421375.38
CLSAI,CLANF,36458.33
CLSAI,CLPUQ,85677.08
CLSAI,FJSUV,354451.5
CLSAI,GUGUM,534582.06
CLSAI,NCNOU,291309.14
CLSAI,NZAKL,325868.99
CLSAI,NZLYT,322788.97
CLSAI,PABLB,167856.72
CLSAI,PECLL,85876.44
CLSAI,PFPPT,275500.42
CLSAI,ZAPLZ,342455.64
CMDLA,ARPUD,327667.32
CMDLA,BJCOO,38344.25
CMDLA,BRMAO,307895.53
CMDLA,BRPNG,248666.31
CMDLA,BRSSZ,241051.64
CMDLA,BRVIX,225678.19
CMDLA,CDBOA,89072.81
CMDLA,CGPNR,41300.26
CMDLA,GALBV,57531.17
CMDLA,GAPOG,49799.88
CMDLA,NGAPP,67758.99
CMDLA,TGLFW,46622.75
CNDLC,CNLYG,32355.83
CNDLC,CNSHA,44724.78
CNDLC,CNTAO,31916.94
CNDLC,CNXMN,69541.0
CNDLC,GUGUM,142411.92
CNDLC,IDSUB,187140.39
CNDLC,JPNGO,85231.79
CNDLC,JPOSA,69242.18
CNDLC,JPTYO,81113.88
CNDLC,KRPUS,37992.79
CNDLC,PHMNL,102205.43
CNDLC,SGSIN,165623.28
CNDLC,TWKEL,58479.07
CNDLC,TWKHH,65261.04
CNDLC,USDUT,233809.96
CNDLC,USSEA,339371.51
CNFOC,AUBNE,257769.39
CNFOC,CNLYG,58666.6
CNFOC,CNSHA,37433.11
CNFOC,CNTAO,53731.18
CNFOC,GUGUM,120719.21
CNFOC,HKHKG,41895.62
CNFOC,JPNGO,87783.88
CNFOC,JPSMZ,97625.65
CNFOC,JPUKB,77637.18
CNFOC,JPYOK,92878.19
CNFOC,KRPUS,51300.08
CNFOC,NZLYT,324247.31
CNFOC,PHMNL,55174.18
CNFOC,SGSIN,117315.99
CNFOC,VNHPH,64484.79
CNLYG,CNDLC,25505.83
CNLYG,CNFOC,52836.6
CNLYG,CNSHA,35853.25
CNLYG,GUGUM,132871.99
CNLYG,HKHKG,85402.57
CNLYG,JPOSA,66568.57
CNLYG,PHGES,122306.06
CNLYG,PHMNL,95764.46
CNLYG,VNHPH,100943.12
CNSHA,AUBNE,277639.18
CNSHA,AUSYD,301890.97
CNSHA,CNDLC,38387.78
CNSHA,CNFOC,32116.11
CNSHA,CNLYG,36366.25
CNSHA,CNTAO,34651.32
CNSHA,CNXMN,44931.62
CNSHA,FJSUV,278071.29
CNSHA,GUGUM,124972.68
CNSHA,HKHKG,64074.44
CNSHA,IDJKT,160025.53
CNSHA,JPNGO,78304.71
CNSHA,JPUKB,64633.71
CNSHA,JPYOK,83034.44
CNSHA,KRPUS,34833.07
CNSHA,NCNOU,175310.88
CNSHA,NZAKL,318334.26
CNSHA,PFPPT,376672.29
CNSHA,SGSIN,141013.9
CNSHA,TWKEL,32350.6
CNSHA,TWKHH,39193.33
CNSHA,USDUT,230164.12
CNSHA,VNSGN,108637.57
CNTAO,AUSYD,315805.9
CNTAO,CNDLC,25991.94
CNTAO,CNFOC,48826.18
CNTAO,CNSHA,35063.32
CNTAO,FJSUV,289920.25
CNTAO,GUGUM,137915.39
CNTAO,HKHKG,82060.56
CNTAO,JPUKB,65605.93
CNTAO,KRPUS,35197.65
CNTAO,NCNOU,189347.33
CNTAO,NZAKL,332249.19
CNTAO,PABLB,528247.35
CNTAO,PHMNL,93759.25
CNTAO,SGSIN,156751.75
CNTAO,TWKEL,49121.43
CNTAO,USDUT,230771.76
CNTAO,VNSGN,126259.1
CNXMN,CLPUQ,587282.99
CNXMN,CNDLC,65610.0
CNXMN,CNSHA,47337.62
CNXMN,FJSUV,273331.71
CNXMN,GUGUM,123878.93
CNXMN,HKHKG,31626.53
CNXMN,IDJKT,126544.62
CNXMN,IDSUB,134944.21
CNXMN,JPUKB,84564.26
CNXMN,JPYOK,100959.79
CNXMN,KRPUS,58774.04
CNXMN,NCNOU,165953.24
CNXMN,NZAKL,308672.81
CNXMN,PABLB,550608.46
CNXMN,PFPPT,382384.1
CNXMN,PHMNL,47578.69
CNXMN,SGSIN,107107.65
CNXMN,USDUT,254226.62
CNXMN,USHNL,291700.78
CNXMN,USSEA,359545.12
COBAQ,ANWIL,49016.15
COBAQ,BRMAO,202834.76
COBAQ,BSFPO,82584.92
COBAQ,HNPCR,59399.88
COBAQ,USMSY,107881.75
COBAQ,VELAG,62561.62
COBUN,MXLZC,112232.93
COBUN,NICIO,58034.89
COBUN,PABLB,28585.89
COBUN,PECLL,73602.14
COBUN,PFPPT,285830.28
COCTG,ANWIL,53998.79
COCTG,ARBUE,340138.08
COCTG,CRMOB,37922.46
COCTG,VELAG,67483.5
CRMOB,COCTG,32819.46
CRMOB,HNPCR,44208.9
CRMOB,TTPTS,85259.99
CUCAI,CUHAV,25791.07
CUCAI,SLFNA,279423.39
CUHAV,ARBUE,371553.01
CUHAV,BSFPO,32515.47
CUHAV,CAMTR,177466.1
CUHAV,CUCAI,12335.07
CUHAV,MXPGO,33663.47
CUHAV,USILM,78138.9
CUHAV,USMOB,38219.43
CUHAV,VELAG,108802.94
CUHAV,VEPBL,86414.5
CUHAV,ZACPT,420124.39
CVGRA,AOLAD,197926.08
CVGRA,ESSCT,180316.54
CVGRA,ESVGO,116521.88
CVGRA,GNCKY,76205.0
CVGRA,GWOXB,51977.01
CVGRA,LRMLW,102509.6
CVGRA,MACAS,86107.51
CVGRA,NGAPP,160849.26
CVGRA,PTLIS,104247.85
CVGRA,SLFNA,94397.35
CVGRA,USILM,217288.21
CYLMS,EGALY,19416.78
CYLMS,GEPTI,92719.97
CYLMS,GRNAI,24609.38
CYLMS,GRPIR,46207.19
CYLMS,ILHFA,12276.47
CYLMS,SYLTK,92112.53
CYLMS,TRIZM,40386.36
CYLMS,TRMER,27816.68
CYLMS,UAODS,156487.47
DEBRV,BEANR,43261.38
DEBRV,BEZEE,36066.24
DEBRV,DEHAM,38231.26
DEBRV,FRDKK,36186.21
DEBRV,FRLEH,48169.04
DEBRV,GBABD,68548.65
DEBRV,GBSOU,73787.44
DEBRV,NLRTM,40202.56
DEBRV,NOAES,76366.32
DEBRV,NOBGO,54816.46
DEBRV,NOKRS,45767.06
DEBRV,NOSVG,32286.58
DEHAM,BEANR,46481.86
DEHAM,BEZEE,39408.25
DEHAM,DEBRV,23990.26
DEHAM,DEWVN,6744.79
DEHAM,FRDKK,39406.69
DEHAM,FRLEH,51693.35
DEHAM,GBABD,71465.32
DEHAM,GBPLY,38159.72
DEHAM,GBSOU,77311.75
DEHAM,NLRTM,43301.51
DEHAM,NOAES,75880.21
DEHAM,NOBGO,57186.25
DEHAM,NOKRS,48258.38
DEHAM,NOSVG,34534.85
DEWVN,DEHAM,38352.79
DEWVN,GBFXT,38165.17
DJJIB,EGSUZ,205454.03
DJJIB,INCOK,126935.51
DJJIB,SAJED,45474.24
DJJIB,YEADE,17781.06
DKAAR,RUKGD,35294.33
DKAAR,SEGOT,42200.18
DZAAE,BSFPO,277090.12
DZAAE,DZALG,29000.92
DZAAE,DZBJA,11769.06
DZAAE,DZORN,31178.17
DZAAE,DZSKI,9519.12
DZAAE,EGALY,73921.99
DZAAE,ESAGP,47487.68
DZAAE,ESBCN,45700.86
DZAAE,ESTAR,30355.44
DZAAE,ESVLC,50460.42
DZAAE,FRFOS,38651.07
DZAAE,GRNAI,52439.24
DZAAE,GRSKG,182624.01
DZAAE,ILHFA,87380.64
DZAAE,ITGOA,39054.86
DZAAE,ITTRS,72449.86
DZAAE,LBBEY,94834.93
DZAAE,TNTUN,11975.57
DZAAE,TRIZM,67608.58
DZAAE,UAODS,183102.06
DZALG,BSFPO,264633.53
DZALG,DZAAE,21698.92
DZALG,DZBJA,9581.56
DZALG,DZORN,16655.6
DZALG,DZSKI,17843.78
DZALG,EGALY,87533.1
DZALG,ESAGP,32965.11
DZALG,ESBCN,39381.42
DZALG,ESTAR,23306.83
DZALG,ESVLC,38550.69
DZALG,GRNAI,66050.35
DZALG,GRSKG,195202.14
DZALG,ILHFA,100991.75
DZALG,ITGOA,43490.62
DZALG,ITTRS,85817.92
DZALG,TNTUN,25647.44
DZALG,TRIZM,80186.71
DZALG,UAODS,195740.94
DZBJA,BSFPO,270527.62
DZBJA,DZAAE,15744.06
DZBJA,DZALG,20858.56
DZBJA,DZORN,22671.22
DZBJA,DZSKI,11706.62
DZBJA,ESBCN,40900.51
DZBJA,ITGOA,41181.6
DZBJA,TRMER,104743.76
DZORN,DZAAE,33730.17
DZORN,DZALG,26509.6
DZORN,DZBJA,21248.22
DZORN,DZSKI,29875.03
DZORN,EGALY,99503.58
DZORN,ESAGP,22452.96
DZORN,ESALG,21099.93
DZORN,ESBCN,44424.82
DZORN,ESTAR,26952.67
DZORN,ESVLC,39036.81
DZORN,GRNAI,78020.83
DZORN,ILHFA,113023.0
DZORN,ITGOA,52909.03
DZORN,ITTRS,97727.64
DZORN,LBBEY,120477.29
DZORN,SIKOP,96049.89
DZORN,SYLTK,190428.5
DZORN,TNTUN,37617.93
DZSKI,BGVAR,93566.5
DZSKI,BSFPO,275692.56
DZSKI,DZAAE,10579.12
DZSKI,DZALG,26205.78
DZSKI,DZBJA,8791.62
DZSKI,DZORN,28383.03
DZSKI,ESBCN,43756.42
DZSKI,ESTAR,28411.0
DZSKI,ITGOA,39723.26
DZSKI,TNTUN,14649.18
ECESM,CLARI,108394.61
ECESM,CLIQQ,112409.03
ECESM,MXACA,92786.46
ECESM,NICIO,60404.68
ECESM,PABLB,35877.56
ECESM,PECLL,60416.38
EGALY,CYLMS,23830.78
EGALY,DZAAE,77783.99
EGALY,DZALG,98697.1
EGALY,DZORN,100813.58
EGALY,EGPSD,15284.64
EGALY,ESBCN,112298.08
EGALY,ESVLC,119305.9
EGALY,GRPIR,43837.4
EGALY,GRSKG,159229.92
EGALY,ILHFA,21573.35
EGALY,ITGOA,91190.28
EGALY,ITTRS,82536.67
EGALY,LBBEY,31640.49
EGALY,LYBEN,49814.26
EGALY,SYLTK,107668.08
EGALY,TNTUN,65690.85
EGALY,TRIZM,39231.85
EGALY,UAODS,157216.64
EGPSD,EGALY,12246.64
EGSUZ,AUFRE,416948.58
EGSUZ,BDCGP,291196.51
EGSUZ,DJJIB,89667.03
EGSUZ,ERASA,69635.42
EGSUZ,IDJKT,321596.71
EGSUZ,INCOK,201918.15
EGSUZ,INMAA,243490.26
EGSUZ,INNSA,190718.25
EGSUZ,JOAQB,23228.72
EGSUZ,LKCMB,214897.54
EGSUZ,MYPEN,287754.93
EGSUZ,PKKHI,183740.99
EGSUZ,SAJED,46142.64
EGSUZ,YEADE,87051.89
EGSUZ,ZADUR,289538.12
ERASA,EGSUZ,198405.42
ESAGP,DZAAE,43634.68
ESAGP,DZALG,36414.11
ESAGP,DZORN,16047.96
ESAGP,ESBCN,50440.44
ESAGP,ESTAR,32725.24
ESAGP,ESVLC,44870.14
ESAGP,GRNAI,87864.58
ESAGP,ITGOA,59714.58
ESAGP,ITTRS,107510.62
ESAGP,LBBEY,130260.28
ESALG,DZORN,18113.93
ESALG,ESCAR,18617.81
ESBCN,BSFPO,270588.39
ESBCN,DZAAE,30205.86
ESBCN,DZALG,31188.42
ESBCN,DZBJA,21430.51
ESBCN,DZORN,26377.82
ESBCN,DZSKI,27201.42
ESBCN,EGALY,92941.08
ESBCN,ESAGP,38798.44
ESBCN,ESCAR,21291.42
ESBCN,ESTAR,9756.49
ESBCN,ESVLC,34601.04
ESBCN,FRETN,17317.71
ESBCN,FRFOS,24006.97
ESBCN,ITATX,21449.65
ESBCN,ITGOA,32856.94
ESBCN,ITTRS,89402.99
ESBCN,SIKOP,87786.0
ESBCN,TNTUN,31723.83
ESBCN,UAODS,196530.88
ESCAR,ESALG,21646.81
ESCAR,ESBCN,39381.42
ESCAR,ESVLC,33811.11
ESCAR,ITGOA,48655.56
ESGIJ,FRMTX,24706.31
ESGIJ,PTLEI,27148.04
ESLEI,TNSFA,64443.99
ESLPA,BRMAO,246584.76
ESLPA,BRPNG,252312.14
ESLPA,BRSSZ,237588.1
ESLPA,BSFPO,215536.31
ESLPA,CDMAT,223771.21
ESLPA,GAPOG,196544.67
ESLPA,GBPLY,87013.89
ESLPA,MAAGA,28711.43
ESLPA,MACAS,33364.46
ESLPA,PTLIS,53023.89
ESLPA,PTPDL,47031.25
ESLPA,SLFNA,121498.04
ESLPA,SNDKR,59447.12
ESSCT,ARBUE,307629.4
ESSCT,BRBEL,157925.35
ESSCT,BRIGI,231973.36
ESSCT,CAMTR,210157.07
ESSCT,CLPUQ,345746.53
ESSCT,CVGRA,51588.54
ESSCT,ESVGO,66209.38
ESSCT,GHTKD,137606.68
ESSCT,MACAS,35126.61
ESSCT,PTLIS,53145.42
ESSCT,PTPDL,44965.28
ESSCT,SNDKR,58900.25
ESSCT,TTPTS,175858.94
ESSCT,ZACPT,281035.85
ESTAR,DZAAE,30570.44
ESTAR,DZALG,30823.83
ESTAR,DZORN,24615.67
ESTAR,DZSKI,27566.0
ESTAR,ESAGP,36793.24
ESTAR,ESBCN,25466.49
ESTAR,ESVLC,32109.72
ESTAR,SYLTK,184230.58
ESVGO,ARBUE,362256.14
ESVGO,BRBEL,206475.69
ESVGO,BRIGI,286660.86
ESVGO,BSFPO,231821.03
ESVGO,CAMTR,201771.65
ESVGO,CVGRA,105546.88
ESVGO,ESSCT,183962.38
ESVGO,FRBES,61954.58
ESVGO,FRURO,73537.33
ESVGO,GMBJL,157031.44
ESVGO,MAAGA,52409.35
ESVGO,MACAS,34944.32
ESVGO,MRNDB,117002.78
ESVGO,PTLIS,24768.68
ESVGO,PTPDL,50312.5
ESVLC,DZAAE,32636.42
ESVLC,DZALG,28028.69
ESVLC,DZORN,18660.81
ESVLC,EGALY,97619.9
ESVLC,ESAGP,30899.14
ESVLC,ESBCN,32272.04
ESVLC,ESCAR,13392.11
ESVLC,ESTAR,14070.72
ESVLC,GRNAI,76076.39
ESVLC,GRPIR,83880.81
ESVLC,ILHFA,111017.79
ESVLC,ITGOA,42336.11
ESVLC,ITTRS,94446.39
ESVLC,LBBEY,118472.08
ESVLC,SYLTK,190489.26
ESVLC,TNTUN,35855.78
FIKTK,RUKGD,36448.85
FIKTK,RULED,15148.32
FIKTK,SEGOT,77807.82
FJSUV,AUSYD,125432.64
FJSUV,BRVIX,497961.18
FJSUV,CKAVA,76319.44
FJSUV,CLARI,395443.22
FJSUV,CLPUQ,330798.61
FJSUV,CLSAI,369032.5
FJSUV,CNSHA,282129.29
FJSUV,CNTAO,293566.25
FJSUV,CNXMN,274983.71
FJSUV,GUGUM,191630.67
FJSUV,HKHKG,289933.82
FJSUV,JPYOK,260890.35
FJSUV,MXLZC,325149.6
FJSUV,NCNOU,-34385.31
FJSUV,NZAKL,75278.71
FJSUV,NZNPL,90996.04
FJSUV,NZWLG,96811.5
FJSUV,PABLB,391528.6
FJSUV,PFPPT,129424.03
FJSUV,PHGES,219406.75
FJSUV,PHMNL,253325.22
FJSUV,USDUT,298098.15
FJSUV,USHNL,181353.56
FJSUV,USLAX,312653.5
FJSUV,USSEA,341255.19
FJSUV,VNSGN,290929.24
FOTOR,NOBGO,50259.17
FRBES,BRMAO,313485.81
FRBES,BSFPO,247680.4
FRBES,ESVGO,37589.58
FRBES,FRURO,49110.25
FRBES,NLRTM,52416.1
FRDKK,BEANR,29224.92
FRDKK,DEBRV,36872.21
FRDKK,DEHAM,54333.69
FRDKK,FRLEH,29393.0
FRDKK,GBABD,68123.31
FRDKK,GBPLY,16041.67
FRDKK,GBSOU,55801.33
FRDKK,NOBGO,63201.88
FRDKK,NOKRS,56886.85
FRDKK,NOSVG,41036.58
FRETN,ESBCN,39563.71
FRFOS,DZAAE,32211.07
FRFOS,ESBCN,33061.97
FRFOS,ITGOA,24653.82
FRLEH,BEANR,37853.39
FRLEH,BEZEE,29929.08
FRLEH,BSFPO,247558.88
FRLEH,DEBRV,44893.04
FRLEH,DEHAM,62658.35
FRLEH,FRDKK,25431.0
FRLEH,FRURO,32521.71
FRLEH,GBABD,74928.86
FRLEH,GBPLY,10755.21
FRLEH,GBSOU,51973.21
FRLEH,NLRTM,39837.97
FRLEH,NOAES,93319.44
FRLEH,NOBGO,70311.25
FRLEH,NOKRS,64482.33
FRLEH,NOSVG,48267.49
FRLPE,FRMTX,14619.5
FRMTX,ESGIJ,16649.31
FRMTX,FRLPE,30318.5
FRURO,BEZEE,33757.21
FRURO,BRMAO,330864.28
FRURO,ESVGO,56183.33
FRURO,FRBES,56121.25
FRURO,FRLEH,24835.71
FRURO,GBSOU,55922.86
GALBV,ARPUD,315575.31
GALBV,BJCOO,42050.85
GALBV,BRMAO,305829.56
GALBV,BRPNG,240341.65
GALBV,BRSSZ,227805.11
GALBV,BRVIX,216806.67
GALBV,CDMAT,68337.18
GALBV,CGPNR,29937.42
GALBV,CMDLA,41318.17
GALBV,GAPOG,36796.4
GALBV,GHTKD,50592.79
GALBV,NGAPP,71769.4
GALBV,TGLFW,51119.28
GAPOG,AOLAD,65156.99
GAPOG,ARBUE,278584.26
GAPOG,ARPUD,312415.58
GAPOG,BJCOO,43083.83
GAPOG,BRMAO,303824.35
GAPOG,BRSSZ,225556.85
GAPOG,BRVIX,215044.51
GAPOG,CDBOA,72545.03
GAPOG,CDMAT,64144.47
GAPOG,CGPNR,25866.24
GAPOG,CIABJ,58647.31
GAPOG,CMDLA,45510.88
GAPOG,ESLPA,176195.67
GAPOG,GALBV,48720.4
GAPOG,GHTKD,51261.19
GAPOG,GNCKY,122264.03
GAPOG,LRMLW,115209.25
GAPOG,NGAPP,73288.5
GAPOG,SLFNA,132374.78
GAPOG,TGLFW,50390.11
GBABD,BEANR,51282.21
GBABD,DEBRV,43191.65
GBABD,DEHAM,60349.32
GBABD,FRDKK,42080.31
GBABD,FRLEH,52847.86
GBABD,GBPLY,39010.42
GBABD,GBSOU,77919.39
GBABD,NLRTM,48405.68
GBABD,NOAES,67798.61
GBABD,NOBGO,46431.04
GBABD,NOKRS,48683.72
GBABD,NOSVG,26939.36
GBFXT,BEANR,31594.71
GBFXT,DEWVN,18229.17
GBFXT,NLRTM,31999.43
GBFXT,NOBGO,60710.56
GBFXT,NOSVG,39031.38
GBPLY,BEANR,45266.58
GBPLY,BEZEE,37038.46
GBPLY,DEHAM,69767.72
GBPLY,ESLPA,98417.89
GBPLY,FRDKK,32722.67
GBPLY,FRLEH,31398.21
GBPLY,GBABD,81734.42
GBPLY,GBSOU,53735.36
GBPLY,NLRTM,46947.35
GBPLY,NOBGO,77420.62
GBPLY,NOKRS,71591.71
GBPLY,NOSVG,55376.86
GBSOU,BEANR,38825.61
GBSOU,BEZEE,30597.49
GBSOU,BSFPO,247315.82
GBSOU,DEBRV,45561.44
GBSOU,DEHAM,63326.75
GBSOU,FRDKK,26889.33
GBSOU,FRLEH,27023.21
GBSOU,FRURO,38658.86
GBSOU,GBABD,75050.39
GBSOU,GBPLY,8142.36
GBSOU,NLRTM,40506.38
GBSOU,NOBGO,70979.65
GBSOU,NOKRS,65150.74
GBSOU,NOSVG,48935.89
GEPTI,BGVAR,48418.93
GEPTI,CYLMS,83743.97
GEPTI,GRPIR,68082.19
GEPTI,LBBEY,98906.11
GEPTI,TRIZM,56914.14
GEPTI,UAODS,124221.85
GHTEM,GHTKD,15957.38
GHTKD,ANWIL,270865.11
GHTKD,ARPUD,293821.83
GHTKD,ARUSH,323904.5
GHTKD,BJCOO,24429.32
GHTKD,BRMAO,265300.04
GHTKD,BRTRM,211640.62
GHTKD,BRVIX,185513.26
GHTKD,CDBOA,108638.78
GHTKD,CDMAT,100785.1
GHTKD,CGPNR,64876.65
GHTKD,CIABJ,16537.93
GHTKD,ESSCT,257486.68
GHTKD,GALBV,85421.79
GHTKD,GAPOG,74166.19
GHTKD,GHTEM,19293.38
GHTKD,LRMLW,73829.04
GHTKD,TGLFW,27056.78
GMBJL,ESVGO,122294.44
GNCKY,ARUSH,309260.4
GNCKY,BRIGI,177832.74
GNCKY,BRMAO,222096.92
GNCKY,BRPNG,199447.56
GNCKY,BRVIX,168499.38
GNCKY,BSFPO,245857.49
GNCKY,CDMAT,150003.85
GNCKY,CGPNR,113001.65
GNCKY,CVGRA,48125.0
GNCKY,GAPOG,125937.03
GNCKY,LRMLW,57179.74
GNCKY,PTLIS,128978.75
GNCKY,SLFNA,47123.04
GNCKY,SNDKR,34412.4
GNCKY,TTPTS,179018.67
GNCKY,ZACPT,205324.04
GPPTP,MQFDF,25820.5
GRNAI,CYLMS,31912.38
GRNAI,DZAAE,59190.24
GRNAI,DZALG,80103.35
GRNAI,DZORN,82219.83
GRNAI,ESAGP,98468.58
GRNAI,ESVLC,100651.39
GRNAI,GRSKG,139360.12
GRNAI,ILHFA,35366.75
GRNAI,ITATX,48854.17
GRNAI,SYLTK,115263.57
GRNAI,TNTUN,47097.1
GRPIR,BGVAR,43436.29
GRPIR,CYLMS,40966.19
GRPIR,EGALY,34182.4
GRPIR,ESVLC,95911.81
GRPIR,GEPTI,71817.19
GRPIR,GRSKG,133769.85
GRPIR,ILHFA,43144.53
GRPIR,ITTRS,52701.6
GRPIR,LBBEY,50234.24
GRPIR,SYLTK,121218.43
GRPIR,TRIZM,18754.42
GRPIR,TRMER,53519.81
GRPIR,UAODS,134247.89
GRSKG,DZAAE,71343.01
GRSKG,DZALG,91223.14
GRSKG,EGALY,44086.92
GRSKG,GRNAI,21328.12
GRSKG,GRPIR,28281.85
GRSKG,ITTRS,67771.04
GRSKG,TNTUN,59249.88
GRSKG,TRIZM,21731.85
GRSKG,TRMER,61297.58
GRSKG,UAODS,132668.03
GUGUM,ARPUD,536269.75
GUGUM,AUMEL,226790.97
GUGUM,AUSYD,202481.25
GUGUM,BRPNG,616652.42
GUGUM,BRSSZ,620279.07
GUGUM,BRVIX,645860.49
GUGUM,CLIQQ,546870.83
GUGUM,CLPUQ,494861.11
GUGUM,CLSAI,533338.06
GUGUM,CNDLC,124307.92
GUGUM,CNFOC,103635.21
GUGUM,CNLYG,121617.99
GUGUM,CNSHA,113205.68
GUGUM,CNTAO,125736.39
GUGUM,CNXMN,109705.93
GUGUM,FJSUV,175805.67
GUGUM,HKHKG,124716.81
GUGUM,IDJKT,167134.9
GUGUM,IDSRG,156400.22
GUGUM,IDSUB,147886.92
GUGUM,JPNGO,105344.64
GUGUM,JPOSA,101082.46
GUGUM,JPSMZ,105768.01
GUGUM,JPTYO,93935.06
GUGUM,JPUKB,100909.75
GUGUM,JPYOK,101992.78
GUGUM,MYTPP,160767.56
GUGUM,NCNOU,74625.11
GUGUM,NZAKL,217952.32
GUGUM,NZLYT,244403.56
GUGUM,PABLB,492578.94
GUGUM,PECLL,513897.28
GUGUM,PFPPT,281151.46
GUGUM,PHGES,84207.1
GUGUM,PHMNL,98438.07
GUGUM,SGSIN,163982.65
GUGUM,USDUT,231865.51
GUGUM,USHNL,214287.58
GUGUM,USSEA,328251.72
GUGUM,VNHPH,135274.72
GUGUM,VNSGN,146615.0
GWOXB,CVGRA,38342.01
HKHKG,CNFOC,33270.62
HKHKG,CNLYG,82607.57
HKHKG,CNSHA,60766.44
HKHKG,CNTAO,78340.56
HKHKG,CNXMN,25912.53
HKHKG,FJSUV,282567.82
HKHKG,GUGUM,133175.81
HKHKG,IDSUB,123034.49
HKHKG,JPUKB,100059.06
HKHKG,JPYOK,116150.76
HKHKG,KRPUS,74511.89
HKHKG,NCNOU,170571.29
HKHKG,NZAKL,312926.28
HKHKG,PABLB,565920.96
HKHKG,PFPPT,390344.17
HKHKG,PHMNL,45695.01
HKHKG,THLCH,97499.97
HKHKG,TWKEL,35571.08
HKHKG,TWKHH,23516.25
HKHKG,USDUT,269721.42
HKHKG,USHNL,307803.21
HKHKG,VNDAD,37147.22
HKHKG,VNSGN,62335.49
HNPCR,COBAQ,65040.88
HNPCR,CRMOB,48616.9
HNPCR,SNDKR,255228.38
HNPCR,TTPTS,102638.46
HNPCR,USMOB,60215.96
HNPCR,USMSY,74947.72
HNPCR,VELAG,108924.47
HTCAP,BZBZE,82050.69
HTCAP,SNDKR,199143.31
IDJKT,BRVIX,515278.89
IDJKT,CNSHA,163943.53
IDJKT,CNXMN,128056.62
IDJKT,EGSUZ,443587.71
IDJKT,GUGUM,182819.9
IDJKT,IDSRG,21018.28
IDJKT,IDSUB,30248.03
IDJKT,JPUKB,198192.74
IDJKT,JPYOK,213919.86
IDJKT,KEMBA,252272.92
IDJKT,KRPUS,177324.39
IDJKT,TZDAR,254433.35
IDJKT,VNSGN,76371.94
IDJKT,ZADUR,288322.85
IDSRG,GUGUM,172186.22
IDSRG,IDJKT,21119.28
IDSRG,IDSUB,17973.72
IDSUB,CNDLC,185436.39
IDSUB,CNXMN,137171.21
IDSUB,GUGUM,164286.92
IDSUB,HKHKG,130975.49
IDSUB,IDJKT,30963.03
IDSUB,IDSRG,18587.72
IDSUB,JPNGO,201959.22
IDSUB,JPYOK,207721.94
IDSUB,PHGES,73877.24
IDSUB,PHMNL,100929.39
IDSUB,SGSIN,53270.85
IDSUB,TWKEL,137411.36
IDSUB,USDUT,362629.4
IDSUB,USHNL,352829.25
IDSUB,USLAX,484858.36
IDSUB,USSEA,462782.97
IDSUB,VNSGN,79896.25
IEDUB,BSFPO,229755.06
ILASH,LBBEY,19183.89
ILASH,SIKOP,92100.24
ILASH,TRIZM,46584.28
ILHFA,BGVAR,72602.96
ILHFA,BSFPO,358270.68
ILHFA,CYLMS,15931.47
ILHFA,DZAAE,90483.64
ILHFA,DZALG,111396.75
ILHFA,DZORN,113574.0
ILHFA,EGALY,20814.35
ILHFA,ESVLC,131944.79
ILHFA,GRNAI,31718.75
ILHFA,GRPIR,52040.53
ILHFA,ITGOA,102674.65
ILHFA,LBBEY,15538.06
ILHFA,SYLTK,93449.33
ILHFA,TNTUN,78390.5
ILHFA,UAODS,163718.38
INCCU,BDCGP,32342.35
INCCU,IRBND,191082.97
INCOK,BDCGP,105927.42
INCOK,DJJIB,127887.51
INCOK,EGSUZ,318657.15
INCOK,INNSA,47983.88
INCOK,IRBND,130865.96
INCOK,KEMBA,155658.33
INCOK,LKCMB,29506.92
INCOK,PKKHI,79895.5
INCOK,SGSIN,119503.49
INCOK,TZDAR,160188.56
INCOK,YEADE,121079.67
INCOK,ZADUR,228288.12
INMAA,ARPUD,548240.24
INMAA,AUFRE,246505.88
INMAA,BDCGP,64182.62
INMAA,BRVIX,493100.07
INMAA,EGSUZ,367268.26
INMAA,LKCMB,47310.74
INMAA,MYPEN,85046.6
INMAA,SGSIN,103097.24
INMAA,YEADE,170480.71
INNSA,AUFRE,282417.33
INNSA,BDCGP,141292.0
INNSA,EGSUZ,307051.25
INNSA,INCOK,47577.88
INNSA,INTUT,50494.79
INNSA,KEMBA,160033.33
INNSA,LKCMB,64567.68
INNSA,MUPLU,168013.71
INNSA,MYPEN,137850.42
INNSA,MYPKG,139938.58
INNSA,OMSLL,74043.76
INNSA,PKKHI,47083.0
INNSA,SADMM,88116.82
INNSA,TZDAR,169667.72
INNSA,YEADE,109473.76
INNSA,ZADUR,251317.64
INTUT,INNSA,62931.79
IRBND,INCCU,195477.97
IRBND,INCOK,137629.96
IRBND,KEMBA,181847.57
IRBND,PKKHI,85911.12
IRBND,SAJBI,28404.58
IRBND,TZDAR,193183.35
IRBND,ZADUR,285831.53
ITATX,ESBCN,43695.65
ITATX,GRNAI,48854.17
ITATX,LBBEY,91128.33
ITGIT,ITNAP,10876.74
ITGIT,LYBEN,42765.65
ITGOA,DZAAE,34580.86
ITGOA,DZALG,46318.62
ITGOA,DZBJA,32732.6
ITGOA,DZORN,45883.03
ITGOA,DZSKI,34189.26
ITGOA,EGALY,82854.28
ITGOA,ESAGP,59093.58
ITGOA,ESBCN,43877.94
ITGOA,ESCAR,41586.56
ITGOA,ESVLC,55686.11
ITGOA,FRFOS,26619.82
ITGOA,ILHFA,95097.65
ITGOA,ITNAP,20538.19
ITGOA,ITTRS,77554.03
ITGOA,LBBEY,102551.94
ITGOA,TNTUN,30508.56
ITNAP,ITGIT,25774.74
ITNAP,ITGOA,31763.19
ITTRS,DZAAE,69580.86
ITTRS,DZALG,90250.92
ITTRS,DZORN,92306.64
ITTRS,EGALY,75805.67
ITTRS,ESAGP,108494.62
ITTRS,ESBCN,102028.99
ITTRS,ESVLC,109401.39
ITTRS,GRPIR,55625.6
ITTRS,GRSKG,176183.04
ITTRS,ITGOA,79159.03
ITTRS,TNTUN,58338.42
ITTRS,TRIZM,61167.61
ITTRS,UAODS,176721.85
JOAQB,EGSUZ,145054.72
JOAQB,SAJED,40977.71
JOAQB,YEADE,84803.62
JPCHW,JPYOK,70274.03
JPCHW,SGSIN,131230.92
JPNGO,CNDLC,67979.79
JPNGO,CNFOC,71551.88
JPNGO,CNSHA,67389.71
JPNGO,GUGUM,106196.64
JPNGO,IDSUB,186411.22
JPNGO,JPSMZ,34431.21
JPNGO,JPUKB,31578.15
JPNGO,JPYOK,32843.47
JPNGO,PHMNL,108403.35
JPNGO,TWKHH,77717.64
JPOSA,CNDLC,56556.18
JPOSA,CNLYG,60732.57
JPOSA,GUGUM,106500.46
JPOSA,JPTYO,32988.88
JPOSA,JPUKB,17359.4
JPOSA,JPYOK,41654.24
JPOSA,PABLB,491424.43
JPOSA,PHGES,115865.08
JPOSA,TWKHH,71094.38
JPSMZ,CLPUQ,564253.47
JPSMZ,CNFOC,79329.65
JPSMZ,GUGUM,104556.01
JPSMZ,JPNGO,32367.21
JPSMZ,JPUKB,33644.12
JPSMZ,JPYOK,27435.49
JPSMZ,PHGES,124979.67
JPSMZ,SGSIN,181847.24
JPSMZ,USHNL,213862.24
JPSMZ,USSEA,280065.96
JPSMZ,VNHPH,124884.1
JPTYO,CNDLC,74906.88
JPTYO,GUGUM,105832.06
JPTYO,JPOSA,39467.88
JPTYO,JPYOK,21176.81
JPTYO,PHGES,124189.74
JPTYO,TWKHH,84705.49
JPUKB,AUSYD,286213.89
JPUKB,CAVAN,288490.82
JPUKB,CNFOC,66326.18
JPUKB,CNSHA,58639.71
JPUKB,CNTAO,59199.93
JPUKB,CNXMN,76164.26
JPUKB,GUGUM,106682.75
JPUKB,HKHKG,97373.06
JPUKB,IDJKT,188280.74
JPUKB,JPNGO,36499.15
JPUKB,JPOSA,17714.4
JPUKB,JPSMZ,40629.12
JPUKB,JPYOK,41532.71
JPUKB,KRPUS,26933.76
JPUKB,NZAKL,301684.96
JPUKB,NZNPL,311508.19
JPUKB,PABLB,491120.61
JPUKB,PHMNL,102326.96
JPUKB,SGSIN,170302.1
JPUKB,TWKHH,70851.32
JPUKB,USDUT,197230.1
JPYOK,AUBNE,258316.26
JPYOK,AUSYD,282932.64
JPYOK,CAVAN,271537.69
JPYOK,CLIQQ,566679.86
JPYOK,CNFOC,78418.19
JPYOK,CNSHA,73891.44
JPYOK,CNXMN,89410.79
JPYOK,FJSUV,247689.35
JPYOK,GUGUM,104616.78
JPYOK,HKHKG,110315.76
JPYOK,IDJKT,200858.86
JPYOK,IDSUB,193945.94
JPYOK,JPCHW,50434.03
JPYOK,JPNGO,34615.47
JPYOK,JPOSA,38860.24
JPYOK,JPSMZ,31271.49
JPYOK,JPTYO,11903.81
JPYOK,JPUKB,38383.71
JPYOK,KRPUS,45405.99
JPYOK,NCNOU,154165.04
JPYOK,NZAKL,296459.26
JPYOK,NZNPL,307558.54
JPYOK,NZWLG,313434.76
JPYOK,PABLB,473985.19
JPYOK,PFPPT,330066.39
JPYOK,PHMNL,114175.92
JPYOK,TWKEL,75675.25
JPYOK,TWKHH,83976.32
JPYOK,USDUT,180094.68
JPYOK,USLAX,315752.46
JPYOK,USSEA,285534.71
JPYOK,VNSGN,153602.85
KEMBA,AUFRE,317660.39
KEMBA,IDJKT,244851.92
KEMBA,INCOK,153489.33
KEMBA,INNSA,158270.33
KEMBA,IRBND,172914.57
KEMBA,LKCMB,163187.47
KEMBA,MYPEN,231730.62
KEMBA,PKKHI,159921.54
KEMBA,SGSIN,249173.62
KEMBA,TZDAR,28877.79
KEMBA,YEADE,106131.75
KEMBA,ZADUR,123227.36
KRPUS,CNDLC,37354.79
KRPUS,CNFOC,51682.08
KRPUS,CNSHA,40532.07
KRPUS,CNTAO,40484.65
KRPUS,CNXMN,62067.04
KRPUS,HKHKG,83518.89
KRPUS,IDJKT,179105.39
KRPUS,JPUKB,38626.76
KRPUS,JPYOK,60247.99
KRPUS,PHMNL,92543.97
KRPUS,SGSIN,158939.25
KRPUS,THLCH,162152.75
KRPUS,TWKEL,50275.94
KRPUS,USLAX,339450.38
KRPUS,VNSGN,128082.01
KWSWK,AUFRE,370221.15
KWSWK,OMSLL,91300.71
KWSWK,SADMM,18359.88
KWSWK,SAJBI,18317.78
KWSWK,SAJED,167002.01
KWSWK,SGSIN,242185.78
KWSWK,YEADE,128067.51
LBBEY,DZAAE,90665.93
LBBEY,DZORN,113756.29
LBBEY,EGALY,23609.49
LBBEY,ESAGP,129944.28
LBBEY,ESVLC,132127.08
LBBEY,GEPTI,104265.11
LBBEY,GRPIR,51858.24
LBBEY,ILASH,11795.89
LBBEY,ILHFA,8266.06
LBBEY,ITATX,80208.33
LBBEY,ITGOA,102856.94
LBBEY,TNTUN,78572.79
LBBEY,TRMER,28059.74
LBBEY,UAODS,163536.08
LKCMB,AUFRE,230038.86
LKCMB,BDCGP,89156.58
LKCMB,BRVIX,466303.19
LKCMB,EGSUZ,333483.54
LKCMB,INCOK,31353.92
LKCMB,INMAA,42118.74
LKCMB,INNSA,66820.68
LKCMB,KEMBA,167203.47
LKCMB,MUPLU,142553.64
LKCMB,MYPEN,85046.6
LKCMB,OMSLL,107281.61
LKCMB,PKKHI,98124.67
LKCMB,SAJBI,137232.71
LKCMB,TZDAR,173617.38
LKCMB,YEADE,136027.58
LKCMB,ZADUR,238496.46
LRMLW,ARPUD,287806.21
LRMLW,ARUSH,298869.78
LRMLW,BRITJ,206119.0
LRMLW,BRMAO,232791.36
LRMLW,BRPNG,193674.99
LRMLW,BRSSZ,183265.18
LRMLW,BRVIX,169532.36
LRMLW,CDBOA,139749.89
LRMLW,CDMAT,132139.26
LRMLW,CGPNR,96716.93
LRMLW,CISPY,23233.33
LRMLW,CVGRA,64956.6
LRMLW,GAPOG,109409.25
LRMLW,GHTKD,45124.04
LRMLW,GNCKY,47706.74
LRMLW,MAAGA,115239.21
LRMLW,MRNDB,99320.49
LRMLW,SLFNA,58364.36
LRMLW,SNDKR,49603.38
LRMLW,TGLFW,62846.71
LRMLW,TTPTS,190503.04
LYBEN,EGALY,35762.26
LYBEN,ITGIT,40722.65
MAAGA,AOLAD,242222.96
MAAGA,BRMAO,265056.99
MAAGA,ESLPA,31881.43
MAAGA,ESVGO,55150.35
MAAGA,LRMLW,144558.21
MAAGA,MACAS,17444.32
MAAGA,PTLIS,40567.29
MAAGA,SNDKR,74881.15
MAAGA,VELAG,227231.76
MACAS,BSFPO,235892.21
MACAS,CVGRA,84279.51
MACAS,ESLPA,42940.46
MACAS,ESSCT,162026.61
MACAS,ESVGO,44091.32
MACAS,MAAGA,23850.32
MACAS,MRNDB,91725.0
MACAS,PTAVE,27769.1
MACAS,PTLIS,29447.5
MACAS,PTPDL,55598.96
MQFDF,ANWIL,55457.12
MQFDF,GPPTP,28030.5
MRNDB,ESVGO,93127.78
MRNDB,LRMLW,102023.49
MRNDB,MACAS,58703.0
MRNDB,PTLIS,79577.71
MRNDB,SLFNA,93121.31
MRNDB,SNDKR,30158.93
MUPLU,AUADL,299131.29
MUPLU,AUFRE,234899.97
MUPLU,INNSA,165379.71
MUPLU,LKCMB,137666.64
MUPLU,MYPEN,191808.75
MUPLU,NZWLG,365630.94
MUPLU,YEADE,151036.26
MUPLU,ZADUR,113626.67
MXACA,CLARI,186415.44
MXACA,CLIQQ,190429.86
MXACA,ECESM,96365.46
MXACA,MXESE,102674.76
MXACA,PECLL,138741.03
MXACA,USHNL,212525.43
MXESE,MXACA,83185.76
MXESE,MXLZC,86955.15
MXESE,PABLB,176789.01
MXESE,PFPPT,236429.24
MXESE,USNTD,11788.19
MXLZC,AUBNE,424991.61
MXLZC,AUSYD,419894.44
MXLZC,CLPUQ,284435.76
MXLZC,COBUN,107574.93
MXLZC,FJSUV,320970.6
MXLZC,MXESE,95626.15
MXLZC,NICIO,65326.56
MXLZC,NZAKL,343247.46
MXLZC,NZLYT,356391.4
MXLZC,PFPPT,227193.12
MXLZC,USHNL,204261.54
MXPGO,CUHAV,39584.47
MXPGO,MXTAM,28498.26
MXPGO,USMSY,53072.72
MXTAM,MXPGO,36033.26
MXTAM,USMSY,62491.12
MYPEN,BDCGP,80953.46
MYPEN,EGSUZ,409559.93
MYPEN,INMAA,83073.6
MYPEN,INNSA,143322.42
MYPEN,KEMBA,238965.62
MYPEN,LKCMB,88265.6
MYPEN,MUPLU,199914.75
MYPEN,OMSLL,183236.47
MYPEN,PKKHI,174140.29
MYPEN,TZDAR,245865.64
MYPEN,YEADE,211982.44
MYPEN,ZADUR,297376.67
MYPEN,ZAPLZ,312742.1
MYPKG,BDCGP,89703.46
MYPKG,INNSA,148426.58
MYPKG,SGSIN,20276.06
MYPKG,YEADE,217208.14
MYTPP,GUGUM,178019.56
MYTPP,SGSIN,8852.44
NCNOU,AUBNE,68854.46
NCNOU,AUMEL,116018.4
NCNOU,AUSYD,84781.6
NCNOU,CKAVA,114661.46
NCNOU,CLPUQ,349088.54
NCNOU,CLSAI,391515.14
NCNOU,CNSHA,264993.88
NCNOU,CNTAO,278618.33
NCNOU,CNXMN,253230.24
NCNOU,FJSUV,51239.69
NCNOU,GUGUM,176075.11
NCNOU,HKHKG,263562.29
NCNOU,JPYOK,252991.04
NCNOU,NZAKL,68290.86
NCNOU,NZLYT,93283.76
NCNOU,NZPOE,102926.21
NCNOU,PECLL,402638.6
NCNOU,PFPPT,169467.43
NCNOU,PHGES,183738.35
NCNOU,PHMNL,227075.22
NCNOU,USDUT,320216.21
NCNOU,USHNL,217508.07
NCNOU,USLAX,357193.43
NCNOU,USSEA,377592.0
NGAPP,ANWIL,289398.1
NGAPP,BJCOO,12701.89
NGAPP,CDBOA,100678.71
NGAPP,CDMAT,94526.42
NGAPP,CGPNR,54972.14
NGAPP,CMDLA,54746.99
NGAPP,CVGRA,120373.26
NGAPP,GALBV,74970.4
NGAPP,GAPOG,64565.5
NGAPP,TGLFW,23046.36
NGAPP,TTPTS,243063.81
NICIO,CLARI,150747.04
NICIO,CLIQQ,154761.46
NICIO,COBUN,53798.89
NICIO,ECESM,53587.68
NICIO,MXLZC,65748.56
NICIO,PABLB,48698.74
NICIO,PECLL,102768.81
NICIO,PFPPT,267236.53
NICIO,USLAX,160318.43
NLRTM,BEANR,30379.43
NLRTM,BEZEE,23062.76
NLRTM,DEBRV,32922.56
NLRTM,DEHAM,50262.51
NLRTM,FRBES,63109.1
NLRTM,FRLEH,35833.97
NLRTM,GBABD,66482.68
NLRTM,GBFXT,27288.43
NLRTM,GBPLY,22300.35
NLRTM,GBSOU,61452.38
NLRTM,NOBGO,60042.15
NLRTM,NOKRS,53119.49
NLRTM,NOSVG,37694.57
NOAES,BEZEE,59521.1
NOAES,BRMAO,359605.6
NOAES,DEBRV,50483.32
NOAES,DEHAM,64238.21
NOAES,FRLEH,70712.44
NOAES,GBABD,67272.61
NOAES,NOBGO,37802.57
NOAES,SEGOT,61280.04
NOBGO,BEANR,59606.86
NOBGO,BEZEE,52533.25
NOBGO,DEBRV,44528.46
NOBGO,DEHAM,61139.25
NOBGO,FOTOR,22604.17
NOBGO,FRDKK,52227.88
NOBGO,FRLEH,63299.25
NOBGO,GBABD,61500.04
NOBGO,GBFXT,52991.56
NOBGO,GBPLY,49765.62
NOBGO,GBSOU,88917.65
NOBGO,NLRTM,57034.15
NOBGO,NOAES,53397.57
NOBGO,NOKRS,41756.64
NOBGO,NOSVG,16791.79
NOKRS,BEANR,52679.78
NOKRS,DEBRV,35110.06
NOKRS,DEHAM,51842.38
NOKRS,FRDKK,45543.85
NOKRS,FRLEH,57101.33
NOKRS,GBABD,63383.72
NOKRS,GBPLY,43567.71
NOKRS,GBSOU,82719.74
NOKRS,NLRTM,49742.49
NOKRS,NOBGO,41387.64
NOKRS,NOSVG,18675.47
NOSVG,BEANR,54928.04
NOSVG,BEZEE,47854.43
NOSVG,DEBRV,39606.58
NOSVG,DEHAM,56095.85
NOSVG,FRDKK,47670.58
NOSVG,FRLEH,58863.49
NOSVG,GBABD,59616.36
NOSVG,GBFXT,48920.38
NOSVG,GBPLY,45329.86
NOSVG,GBSOU,84481.89
NOSVG,NLRTM,52294.57
NOSVG,NOBGO,34399.79
NOSVG,NOKRS,36652.47
NZAKL,AUBNE,101241.61
NZAKL,AUMEL,119299.65
NZAKL,AUSYD,97602.78
NZAKL,CAVAN,388751.24
NZAKL,CLSAI,341627.99
NZAKL,CNSHA,323570.26
NZAKL,CNTAO,337073.19
NZAKL,CNXMN,311502.81
NZAKL,FJSUV,76456.71
NZAKL,GUGUM,234955.32
NZAKL,HKHKG,321470.28
NZAKL,JPUKB,312914.96
NZAKL,JPYOK,310838.26
NZAKL,MXLZC,348604.46
NZAKL,NCNOU,-16156.14
NZAKL,NZLYT,50931.33
NZAKL,NZNSN,48437.54
NZAKL,NZPOE,60087.67
NZAKL,NZTRG,17652.07
NZAKL,PABLB,403134.5
NZAKL,PECLL,359678.53
NZAKL,PFPPT,152392.78
NZAKL,PHGES,242922.38
NZAKL,USDUT,364026.97
NZAKL,USHNL,244791.06
NZAKL,USLAX,365518.08
NZAKL,USSEA,402505.19
NZLYT,AUADL,152447.26
NZLYT,AUMEL,111339.58
NZLYT,BRVIX,467093.12
NZLYT,CLSAI,333910.97
NZLYT,CNFOC,319529.31
NZLYT,GUGUM,256769.56
NZLYT,MXLZC,357111.4
NZLYT,NCNOU,4199.76
NZLYT,NZAKL,46294.33
NZLYT,NZWLG,17696.92
NZLYT,PHGES,256472.72
NZNPL,AUMEL,104777.08
NZNPL,AUSYD,88123.61
NZNPL,CLPUQ,284982.64
NZNPL,FJSUV,86665.04
NZNPL,JPUKB,317229.19
NZNPL,JPYOK,316428.54
NZNPL,NZTRG,45360.4
NZNSN,AUBNE,103672.17
NZNSN,AUSYD,90675.69
NZNSN,NZAKL,43924.54
NZPOE,AUHBA,64470.49
NZPOE,AUMEL,100462.85
NZPOE,NCNOU,14894.21
NZPOE,NZAKL,56502.67
NZTRG,CLPUQ,280303.82
NZTRG,NZAKL,13421.07
NZTRG,NZNPL,46638.4
NZTRG,NZWLG,33252.47
NZWLG,AUBNE,108107.93
NZWLG,AUSYD,94807.64
NZWLG,CLPUQ,281579.86
NZWLG,FJSUV,96326.5
NZWLG,JPYOK,326150.76
NZWLG,MUPLU,373577.94
NZWLG,NZLYT,20670.92
NZWLG,NZTRG,35820.47
NZWLG,PABLB,402466.1
NZWLG,PECLL,352812.21
NZWLG,PFPPT,160413.61
NZWLG,USHNL,262594.88
NZWLG,USLAX,377610.1
NZWLG,USSEA,418486.1
NZWLG,YEADE,483597.03
OMSLL,INNSA,78122.76
OMSLL,KWSWK,94742.71
OMSLL,LKCMB,109107.61
OMSLL,MYPEN,181843.47
OMSLL,SGSIN,200015.64
OMSLL,YEADE,45307.1
PABLB,AUBNE,486910.01
PABLB,AUHBA,463628.47
PABLB,AUMEL,500836.11
PABLB,AUSYD,486127.08
PABLB,CAVAN,257562.0
PABLB,CKAVA,309409.72
PABLB,CLARI,134948.43
PABLB,CLIQQ,138962.85
PABLB,CLSAI,181879.72
PABLB,CNTAO,531335.35
PABLB,CNXMN,551702.46
PABLB,COBUN,27548.89
PABLB,ECESM,32259.56
PABLB,FJSUV,390970.6
PABLB,GUGUM,507845.94
PABLB,HKHKG,572728.96
PABLB,JPOSA,501273.43
PABLB,JPUKB,500614.61
PABLB,JPYOK,486628.19
PABLB,MXESE,189081.01
PABLB,NICIO,51897.74
PABLB,NZAKL,401398.5
PABLB,NZWLG,402393.1
PABLB,PECLL,87213.25
PABLB,PFPPT,290752.15
PABLB,PHMNL,576710.64
PABLB,SVAQJ,56965.32
PABLB,USDUT,343853.36
PABLB,USHNL,297351.82
PABLB,USLAX,198721.21
PABLB,USSEA,271862.83
PABLB,VNSGN,615286.88
PECLL,CKAVA,287595.49
PECLL,CLIQQ,58268.4
PECLL,CLSAI,101914.44
PECLL,COBUN,74580.14
PECLL,ECESM,58813.38
PECLL,GUGUM,531179.28
PECLL,MXACA,133559.03
PECLL,NCNOU,318470.6
PECLL,NICIO,107982.81
PECLL,NZAKL,359957.53
PECLL,NZWLG,354754.21
PECLL,PABLB,89228.25
PECLL,PFPPT,272462.22
PECLL,USDUT,388940.17
PECLL,USHNL,326275.43
PECLL,USLAX,243808.01
PECLL,USSEA,317071.17
PFPPT,AUBNE,216328.42
PFPPT,AUMEL,243379.51
PFPPT,BRVIX,427353.54
PFPPT,CLARI,291354.68
PFPPT,CLPUQ,257213.54
PFPPT,CLSAI,278980.42
PFPPT,CNSHA,369629.29
PFPPT,CNXMN,372935.1
PFPPT,COBUN,274250.28
PFPPT,FJSUV,118323.03
PFPPT,GUGUM,285875.46
PFPPT,HKHKG,386609.17
PFPPT,JPYOK,332166.39
PFPPT,MXESE,238178.24
PFPPT,MXLZC,220271.12
PFPPT,NCNOU,72741.43
PFPPT,NICIO,259892.53
PFPPT,NZAKL,140113.78
PFPPT,NZWLG,149797.61
PFPPT,PABLB,280209.15
PFPPT,PECLL,259904.22
PFPPT,PHMNL,355408.56
PFPPT,USDUT,292447.11
PFPPT,USHNL,157351.82
PFPPT,USLAX,238703.85
PFPPT,USSEA,288633.67
PFPPT,VNSGN,398116.74
PHGES,AUBNE,196701.68
PHGES,AUSYD,221986.46
PHGES,CNLYG,129578.06
PHGES,FJSUV,222107.75
PHGES,GUGUM,102733.1
PHGES,IDSUB,76003.24
PHGES,JPOSA,128973.08
PHGES,JPSMZ,144717.67
PHGES,JPTYO,130818.74
PHGES,NCNOU,100814.35
PHGES,NZAKL,244445.38
PHGES,NZLYT,262632.72
PHGES,PHMNL,51346.06
PHGES,SGSIN,93861.12
PHGES,USHNL,291153.9
PHGES,VNHPH,97783.4
PHMNL,CNDLC,99212.43
PHMNL,CNFOC,53201.18
PHMNL,CNLYG,99621.46
PHMNL,CNTAO,96691.25
PHMNL,CNXMN,48516.69
PHMNL,FJSUV,252611.22
PHMNL,GUGUM,113549.07
PHMNL,HKHKG,52347.01
PHMNL,IDSUB,99640.39
PHMNL,JPNGO,122662.35
PHMNL,JPUKB,111664.96
PHMNL,JPYOK,126662.92
PHMNL,KRPUS,90188.97
PHMNL,NCNOU,140736.22
PHMNL,PABLB,576554.64
PHMNL,PFPPT,365795.56
PHMNL,PHGES,47931.06
PHMNL,SGSIN,87723.97
PHMNL,THLCH,90451.36
PHMNL,TWKEL,51005.11
PHMNL,USDUT,282299.54
PHMNL,USLAX,418504.19
PHMNL,VNDAD,51609.03
PHMNL,VNHPH,62115.0
PHMNL,VNSGN,61727.85
PKBQM,PKKHI,16761.82
PKKHI,ARPUD,532684.68
PKKHI,AUFRE,310490.25
PKKHI,EGSUZ,296052.99
PKKHI,INCOK,75468.5
PKKHI,INNSA,43062.0
PKKHI,IRBND,74720.12
PKKHI,KEMBA,157663.54
PKKHI,LKCMB,91850.67
PKKHI,MYPEN,164647.29
PKKHI,PKBQM,10740.82
PKKHI,SGSIN,182029.53
PKKHI,TZDAR,165596.54
PKKHI,YEADE,98232.44
PKKHI,ZADUR,256725.62
PLGDY,RUKGD,11839.47
PTAVE,MACAS,29597.1
PTLEI,ESGIJ,18776.04
PTLEI,PTLIS,20697.5
PTLIS,BSFPO,229390.47
PTLIS,CAMTR,211433.11
PTLIS,CLPUQ,388767.36
PTLIS,CVGRA,94487.85
PTLIS,ESLPA,54667.89
PTLIS,ESSCT,172113.42
PTLIS,ESVGO,25983.68
PTLIS,GNCKY,147298.75
PTLIS,MAAGA,39041.29
PTLIS,MACAS,21515.5
PTLIS,MRNDB,104667.71
PTLIS,PTLEI,19309.5
PTLIS,PTLIS,9760.0
PTLIS,PTPDL,47578.12
PTPDL,CAMTR,165920.96
PTPDL,ESLPA,58435.25
PTPDL,ESSCT,173693.28
PTPDL,ESVGO,61287.5
PTPDL,MACAS,57426.96
PTPDL,PTLIS,57338.12
REREU,SGSIN,216543.42
REREU,ZADUR,104998.19
RUKGD,DKAAR,51581.33
RUKGD,FIKTK,33880.85
RUKGD,PLGDY,30422.47
RUKGD,RULED,43525.06
RULED,FIKTK,11884.32
RULED,RUKGD,42829.06
SADMM,INNSA,95865.82
SADMM,KWSWK,25471.88
SADMM,SGSIN,230579.88
SAJBI,AUFRE,359222.89
SAJBI,IRBND,27506.58
SAJBI,KWSWK,23952.78
SAJBI,LKCMB,141251.71
SAJBI,SGSIN,233131.96
SAJED,DJJIB,52297.24
SAJED,EGSUZ,168752.64
SAJED,JOAQB,41761.71
SAJED,KWSWK,172642.01
SAJED,YEADE,51383.49
SEGOT,DKAAR,32319.18
SEGOT,FIKTK,49071.82
SEGOT,NOAES,70776.04
SGSIN,CAVAN,442648.81
SGSIN,CNDLC,163075.28
SGSIN,CNFOC,115787.99
SGSIN,CNSHA,144802.9
SGSIN,CNTAO,160128.75
SGSIN,CNXMN,108490.65
SGSIN,GUGUM,179538.65
SGSIN,IDSUB,52426.85
SGSIN,INCOK,124626.49
SGSIN,INMAA,101181.24
SGSIN,JPCHW,124322.92
SGSIN,JPSMZ,198615.24
SGSIN,JPUKB,180085.1
SGSIN,KEMBA,256465.62
SGSIN,KRPUS,157029.25
SGSIN,KWSWK,247077.78
SGSIN,MYPKG,17317.06
SGSIN,MYTPP,7156.44
SGSIN,OMSLL,201465.64
SGSIN,PHGES,90891.12
SGSIN,PHMNL,88168.97
SGSIN,PKKHI,191579.53
SGSIN,REREU,224761.42
SGSIN,SADMM,228359.88
SGSIN,SAJBI,232388.96
SGSIN,THLCH,49678.79
SGSIN,TZDAR,263365.64
SGSIN,USDUT,351023.5
SGSIN,VNSGN,46050.76
SGSIN,YEADE,229421.68
SGSIN,ZAPLZ,330242.1
SIKOP,DZORN,91212.89
SIKOP,ESBCN,100996.0
SIKOP,ILASH,86596.24
SLFNA,ARBUE,252516.56
SLFNA,ARUSH,307862.83
SLFNA,BRIGI,176982.04
SLFNA,BRMAO,225256.64
SLFNA,BRPNG,197138.53
SLFNA,BRSSZ,186971.78
SLFNA,CAMTR,271407.07
SLFNA,CDMAT,145689.61
SLFNA,CISPY,36601.39
SLFNA,CLPUQ,287473.96
SLFNA,CUCAI,237951.39
SLFNA,CVGRA,52925.35
SLFNA,ESLPA,91430.04
SLFNA,GAPOG,122655.78
SLFNA,GNCKY,33731.04
SLFNA,LRMLW,54445.36
SLFNA,MRNDB,86499.31
SLFNA,ZACPT,203804.94
SNDKR,ARBUE,261752.67
SNDKR,BRBEL,127847.22
SNDKR,BRIGI,186096.62
SNDKR,BRPNG,203093.39
SNDKR,BRSSZ,196086.36
SNDKR,BSFPO,225805.4
SNDKR,CISPY,64674.31
SNDKR,CLPUQ,299444.44
SNDKR,ESLPA,63357.12
SNDKR,ESSCT,180134.25
SNDKR,GNCKY,54998.4
SNDKR,HNPCR,254087.38
SNDKR,HTCAP,191649.31
SNDKR,LRMLW,79662.38
SNDKR,MAAGA,75621.15
SNDKR,MRNDB,57514.93
SNDKR,VELAG,207179.68
SNDKR,ZACPT,229872.65
SVAQJ,CLPUQ,261831.6
SVAQJ,PABLB,57813.32
SYLTK,BGVAR,70354.69
SYLTK,BSFPO,357116.17
SYLTK,CYLMS,16174.53
SYLTK,DZORN,111386.5
SYLTK,EGALY,27316.08
SYLTK,ESTAR,107525.58
SYLTK,ESVLC,131823.26
SYLTK,GRNAI,32022.57
SYLTK,GRPIR,50521.43
SYLTK,ILHFA,13856.33
SYLTK,TNTUN,78268.97
SYLTK,TRMER,22894.81
SYLTK,UAODS,162320.81
TGLFW,ARUSH,322263.88
TGLFW,BJCOO,13127.24
TGLFW,BRVIX,197058.4
TGLFW,CDMAT,98415.31
TGLFW,CGPNR,59347.14
TGLFW,CIABJ,28204.6
TGLFW,CMDLA,59182.75
TGLFW,GALBV,79892.28
TGLFW,GAPOG,67239.11
TGLFW,GHTKD,21000.78
TGLFW,LRMLW,85495.71
TGLFW,NGAPP,48618.36
THLCH,HKHKG,107945.97
THLCH,KRPUS,163591.75
THLCH,PHMNL,94245.36
THLCH,SGSIN,53027.79
TNSFA,ESLEI,53532.99
TNTUN,BGVAR,83115.11
TNTUN,DZAAE,16898.57
TNTUN,DZALG,37872.44
TNTUN,DZORN,39988.93
TNTUN,DZSKI,18512.18
TNTUN,EGALY,66751.85
TNTUN,ESBCN,52141.83
TNTUN,ESVLC,58602.78
TNTUN,GRNAI,45269.1
TNTUN,GRSKG,175453.88
TNTUN,ILHFA,80210.5
TNTUN,ITGOA,39905.56
TNTUN,ITTRS,66130.42
TNTUN,LBBEY,87664.79
TNTUN,SYLTK,159681.97
TNTUN,TRIZM,60438.44
TNTUN,UAODS,175992.68
TRIZM,CYLMS,41695.36
TRIZM,DZAAE,68365.58
TRIZM,DZALG,88245.71
TRIZM,EGALY,36126.85
TRIZM,GEPTI,67199.14
TRIZM,GRPIR,25304.42
TRIZM,GRSKG,133769.85
TRIZM,ILASH,44122.28
TRIZM,ITTRS,64793.61
TRIZM,TNTUN,56272.44
TRIZM,UAODS,129872.89
TRMER,BGVAR,69017.89
TRMER,BSFPO,356022.42
TRMER,CYLMS,17936.68
TRMER,DZBJA,90336.76
TRMER,GRPIR,48880.81
TRMER,GRSKG,162146.58
TRMER,LBBEY,21796.74
TRMER,SYLTK,88952.81
TTPTS,ANWIL,53087.33
TTPTS,CISPY,204917.36
TTPTS,CRMOB,90543.99
TTPTS,ESSCT,299109.94
TTPTS,GNCKY,201621.67
TTPTS,HNPCR,103514.46
TTPTS,LRMLW,222579.04
TTPTS,NGAPP,278062.81
TTPTS,VELAG,50287.32
TTPTS,VEPBL,33853.74
TWKEL,CNDLC,56070.07
TWKEL,CNSHA,36278.6
TWKEL,CNTAO,52637.43
TWKEL,HKHKG,42807.08
TWKEL,IDSUB,136706.36
TWKEL,JPYOK,88746.25
TWKEL,KRPUS,48504.94
TWKEL,PHMNL,51589.11
TWKEL,TWKHH,19384.31
TWKHH,CNDLC,66886.04
TWKHH,CNSHA,47155.33
TWKHH,HKHKG,34786.25
TWKHH,JPNGO,96594.64
TWKHH,JPOSA,85405.38
TWKHH,JPTYO,92537.49
TWKHH,JPUKB,84807.32
TWKHH,JPYOK,101081.32
TWKHH,TWKEL,23418.31
TZDAR,AUADL,380190.32
TZDAR,AUFRE,314561.43
TZDAR,BRVIX,352674.72
TZDAR,IDJKT,243454.35
TZDAR,INCOK,154461.56
TZDAR,INNSA,164346.72
TZDAR,IRBND,180692.35
TZDAR,KEMBA,25319.79
TZDAR,LKCMB,166043.38
TZDAR,MYPEN,235072.64
TZDAR,PKKHI,164296.54
TZDAR,SGSIN,252515.64
TZDAR,YEADE,114517.17
TZDAR,ZADUR,115753.4
UAODS,BGVAR,28123.79
UAODS,CYLMS,72806.47
UAODS,DZAAE,98869.06
UAODS,DZALG,118809.94
UAODS,EGALY,69121.64
UAODS,ESBCN,127792.88
UAODS,GEPTI,49516.85
UAODS,GRPIR,55807.89
UAODS,GRSKG,159716.03
UAODS,ILHFA,76382.38
UAODS,ITTRS,95357.85
UAODS,LBBEY,83472.08
UAODS,SYLTK,154577.81
UAODS,TNTUN,86836.68
UAODS,TRIZM,44882.89
USDUT,AUBNE,346059.32
USDUT,AUMEL,403188.54
USDUT,AUSYD,369885.76
USDUT,CAVAN,117318.94
USDUT,CLPUQ,489939.24
USDUT,CNDLC,213083.96
USDUT,CNSHA,215775.12
USDUT,CNTAO,215970.76
USDUT,CNXMN,237431.62
USDUT,FJSUV,279651.15
USDUT,GUGUM,229243.51
USDUT,HKHKG,258640.42
USDUT,IDSUB,343607.4
USDUT,JPUKB,188835.1
USDUT,JPYOK,174848.68
USDUT,NCNOU,216144.21
USDUT,NZAKL,344401.97
USDUT,PABLB,325964.36
USDUT,PECLL,369036.17
USDUT,PFPPT,285101.11
USDUT,PHMNL,264566.54
USDUT,SGSIN,332845.5
USDUT,USHNL,136631.33
USDUT,USLAX,166455.58
USDUT,USSEA,131315.96
USDUT,VNSGN,303993.47
USHNL,AUBNE,269982.93
USHNL,AUMEL,319395.14
USHNL,AUSYD,288401.39
USHNL,CAVAN,159792.9
USHNL,CLPUQ,387065.97
USHNL,CNXMN,287318.78
USHNL,FJSUV,175319.56
USHNL,GUGUM,224078.58
USHNL,HKHKG,309135.21
USHNL,IDSUB,346220.25
USHNL,JPSMZ,224865.24
USHNL,MXACA,199852.43
USHNL,MXLZC,202406.54
USHNL,NCNOU,125849.07
USHNL,NZAKL,237579.06
USHNL,NZWLG,257045.88
USHNL,PABLB,291875.82
USHNL,PECLL,318784.43
USHNL,PFPPT,162418.82
USHNL,PHGES,282418.9
USHNL,USDUT,149044.33
USHNL,USLAX,157097.94
USHNL,USNTD,131857.64
USHNL,USSEA,173972.21
USHNL,VNSGN,343368.47
USILM,ARBUE,379695.38
USILM,BRIGI,304039.33
USILM,BSNAS,34088.54
USILM,CLPUQ,418116.32
USILM,CUHAV,60061.9
USILM,CVGRA,185755.21
USILM,UYMVD,355333.29
USILM,ZACPT,424985.5
USLAX,AUBNE,401050.64
USLAX,AUSYD,415458.68
USLAX,CLARI,274583.85
USLAX,CLPUQ,356744.79
USLAX,FJSUV,297576.5
USLAX,IDSUB,469206.36
USLAX,JPYOK,313876.46
USLAX,KRPUS,322732.38
USLAX,NCNOU,256491.43
USLAX,NICIO,148998.43
USLAX,NZAKL,349263.08
USLAX,NZWLG,363018.1
USLAX,PABLB,184202.21
USLAX,PECLL,227274.01
USLAX,PFPPT,234727.85
USLAX,PHMNL,404141.19
USLAX,USDUT,169825.58
USLAX,USHNL,148054.94
USMOB,BZBZE,75731.25
USMOB,CUHAV,47058.43
USMOB,HNPCR,61951.96
USMSY,BZBZE,75974.31
USMSY,COBAQ,100587.75
USMSY,HNPCR,62012.72
USMSY,MXPGO,41319.72
USMSY,MXTAM,43203.12
USNTD,CAVAN,79523.81
USNTD,MXESE,31277.19
USNTD,USHNL,144530.64
USSEA,AUBNE,413021.12
USSEA,AUMEL,464620.83
USSEA,AUSYD,433627.08
USSEA,CAVAN,20218.25
USSEA,CLPUQ,423159.72
USSEA,CNDLC,316139.51
USSEA,CNXMN,340244.12
USSEA,FJSUV,320302.19
USSEA,GUGUM,323123.72
USSEA,IDSUB,441254.97
USSEA,JPSMZ,276149.96
USSEA,JPYOK,277782.71
USSEA,NCNOU,271014.0
USSEA,NZAKL,380374.19
USSEA,NZWLG,398018.1
USSEA,PABLB,251467.83
USSEA,PECLL,294661.17
USSEA,PFPPT,278781.67
USSEA,USDUT,128809.96
USSEA,USHNL,159053.21
UYMVD,AOLAD,273637.89
UYMVD,ARBHI,58508.97
UYMVD,ARBUE,34556.49
UYMVD,ARPUD,77806.21
UYMVD,BRPNG,70445.82
UYMVD,BRRIG,42797.1
UYMVD,BRTRM,27343.75
UYMVD,CAMTR,412683.11
UYMVD,CLPUQ,78993.06
UYMVD,USILM,377340.29
UYMVD,ZACPT,230784.11
VELAG,ANWIL,34493.58
VELAG,BRMAO,172392.06
VELAG,BSFPO,91334.92
VELAG,BZBZE,105019.44
VELAG,COBAQ,44259.62
VELAG,COCTG,42845.5
VELAG,CUHAV,91962.94
VELAG,HNPCR,84981.47
VELAG,MAAGA,205169.76
VELAG,SNDKR,184377.68
VELAG,TTPTS,25468.32
VELAG,VEPBL,14105.47
VEPBL,ANWIL,32427.61
VEPBL,BRMAO,176220.18
VEPBL,BRSSZ,234732.19
VEPBL,BSFPO,92428.67
VEPBL,BZBZE,102649.65
VEPBL,CUHAV,90018.5
VEPBL,TTPTS,29478.74
VEPBL,VELAG,34549.47
VNDAD,HKHKG,45602.22
VNDAD,PHMNL,53412.03
VNDAD,VNSGN,38090.69
VNHPH,CNFOC,64624.79
VNHPH,CNLYG,106913.12
VNHPH,GUGUM,152498.72
VNHPH,JPSMZ,143320.1
VNHPH,PHGES,96481.4
VNHPH,PHMNL,64228.0
VNSGN,CNSHA,112719.57
VNSGN,CNTAO,129929.1
VNSGN,FJSUV,290953.24
VNSGN,GUGUM,162464.0
VNSGN,HKHKG,69725.49
VNSGN,IDJKT,76535.94
VNSGN,IDSUB,79345.25
VNSGN,JPYOK,166827.85
VNSGN,KRPUS,126465.01
VNSGN,PABLB,615868.88
VNSGN,PFPPT,409241.74
VNSGN,PHMNL,62465.85
VNSGN,SGSIN,46343.76
VNSGN,USDUT,322464.47
VNSGN,USHNL,349426.47
VNSGN,VNDAD,37025.69
YEADE,AUFRE,339353.1
YEADE,DJJIB,21976.06
YEADE,EGSUZ,207033.89
YEADE,INCOK,124322.67
YEADE,INMAA,166684.71
YEADE,INNSA,113122.76
YEADE,JOAQB,82959.62
YEADE,KEMBA,111543.75
YEADE,KWSWK,131079.51
YEADE,LKCMB,137423.58
YEADE,MUPLU,157319.26
YEADE,MYPEN,210159.44
YEADE,MYPKG,212369.14
YEADE,NZWLG,481933.03
YEADE,OMSLL,44877.1
YEADE,PKKHI,105902.44
YEADE,SAJED,48755.49
YEADE,SGSIN,227541.68
YEADE,TZDAR,123487.17
ZACPT,ANWIL,374163.72
ZACPT,AOLAD,126406.99
ZACPT,AOSZA,150319.24
ZACPT,ARBUE,253002.67
ZACPT,ARPUD,249889.54
ZACPT,BRSSZ,224463.1
ZACPT,BRVIX,216685.14
ZACPT,CAMTR,459714.36
ZACPT,CDBOA,150930.44
ZACPT,CDMAT,144656.62
ZACPT,CIABJ,169784.46
ZACPT,CISPY,169431.25
ZACPT,CUHAV,422032.39
ZACPT,ESSCT,398215.85
ZACPT,GNCKY,221856.04
ZACPT,SLFNA,233728.94
ZACPT,SNDKR,225818.65
ZACPT,USILM,444970.5
ZACPT,UYMVD,228762.11
ZADUR,AUADL,349990.67
ZADUR,AUFRE,298155.18
ZADUR,BRVIX,259705.97
ZADUR,EGSUZ,399473.12
ZADUR,IDJKT,276266.85
ZADUR,INCOK,221484.12
ZADUR,INNSA,244919.64
ZADUR,IRBND,272263.53
ZADUR,KEMBA,118592.36
ZADUR,LKCMB,229845.46
ZADUR,MUPLU,109862.67
ZADUR,MYPEN,285506.67
ZADUR,PKKHI,254348.62
ZADUR,REREU,101289.19
ZADUR,TZDAR,114676.4
ZADUR,ZAELS,36405.08
ZAELS,AUFRE,301861.78
ZAELS,ZADUR,34512.08
ZAELS,ZAPLZ,21683.07
ZAPLZ,AUADL,368645.18
ZAPLZ,BRVIX,241719.86
ZAPLZ,CLSAI,349952.64
ZAPLZ,MYPEN,305984.1
ZAPLZ,SGSIN,323427.1
ZAPLZ,ZAELS,28688.07
NCNOU,CLLQN,22624.33
CLLQN,NZNPE,-1321.81
NZNPE,NCNOU,-36451.28
